,zipcode,agi_stub,N1
102614,10001,1,3740
102615,10001,2,2500
102616,10001,3,1950
102617,10001,4,1410
102618,10001,5,2580
102619,10001,6,2340
102620,10002,1,21180
102621,10002,2,8210
102622,10002,3,4810
102623,10002,4,2710
102624,10002,5,3620
102625,10002,6,1650
102626,10003,1,5030
102627,10003,2,3870
102628,10003,3,3960
102629,10003,4,3220
102630,10003,5,6300
102631,10003,6,6280
102632,10004,1,360
102633,10004,2,250
102634,10004,3,290
102635,10004,4,210
102636,10004,5,520
102637,10004,6,850
102638,10005,1,690
102639,10005,2,750
102640,10005,3,860
102641,10005,4,660
102642,10005,5,1360
102643,10005,6,1620
102644,10006,1,310
102645,10006,2,290
102646,10006,3,330
102647,10006,4,250
102648,10006,5,620
102649,10006,6,570
102650,10007,1,470
102651,10007,2,320
102652,10007,3,280
102653,10007,4,210
102654,10007,5,590
102655,10007,6,1570
102656,10009,1,9560
102657,10009,2,6660
102658,10009,3,5480
102659,10009,4,3580
102660,10009,5,5030
102661,10009,6,2100
102662,10010,1,2560
102663,10010,2,2280
102664,10010,3,2550
102665,10010,4,1980
102666,10010,5,4010
102667,10010,6,3980
102668,10011,1,5120
102669,10011,2,3680
102670,10011,3,3650
102671,10011,4,3130
102672,10011,5,6870
102673,10011,6,7470
102674,10012,1,2390
102675,10012,2,1740
102676,10012,3,1730
102677,10012,4,1340
102678,10012,5,2730
102679,10012,6,2540
102680,10013,1,4260
102681,10013,2,2060
102682,10013,3,1630
102683,10013,4,1160
102684,10013,5,2030
102685,10013,6,3800
102686,10014,1,2770
102687,10014,2,2160
102688,10014,3,2330
102689,10014,4,2040
102690,10014,5,4640
102691,10014,6,4720
102692,10016,1,5170
102693,10016,2,4650
102694,10016,3,5170
102695,10016,4,3820
102696,10016,5,6930
102697,10016,6,6200
102698,10017,1,1820
102699,10017,2,1380
102700,10017,3,1490
102701,10017,4,1250
102702,10017,5,2650
102703,10017,6,3260
102704,10018,1,1430
102705,10018,2,1020
102706,10018,3,820
102707,10018,4,580
102708,10018,5,1200
102709,10018,6,1340
102710,10019,1,4920
102711,10019,2,3650
102712,10019,3,3560
102713,10019,4,2540
102714,10019,5,5400
102715,10019,6,5040
102716,10021,1,3460
102717,10021,2,2600
102718,10021,3,3150
102719,10021,4,2520
102720,10021,5,4890
102721,10021,6,6910
102722,10022,1,2770
102723,10022,2,2130
102724,10022,3,2320
102725,10022,4,2010
102726,10022,5,4480
102727,10022,6,6130
102728,10023,1,5910
102729,10023,2,3920
102730,10023,3,3720
102731,10023,4,3290
102732,10023,5,7610
102733,10023,6,9620
102734,10024,1,5710
102735,10024,2,3590
102736,10024,3,3570
102737,10024,4,2860
102738,10024,5,6110
102739,10024,6,8570
102740,10025,1,12490
102741,10025,2,7810
102742,10025,3,6190
102743,10025,4,4190
102744,10025,5,7460
102745,10025,6,7470
102746,10026,1,6900
102747,10026,2,4270
102748,10026,3,2550
102749,10026,4,1410
102750,10026,5,1880
102751,10026,6,1030
102752,10027,1,11490
102753,10027,2,6590
102754,10027,3,3430
102755,10027,4,1830
102756,10027,5,2430
102757,10027,6,1410
102758,10028,1,3920
102759,10028,2,2860
102760,10028,3,3730
102761,10028,4,2950
102762,10028,5,5300
102763,10028,6,6340
102764,10029,1,16590
102765,10029,2,9360
102766,10029,3,4620
102767,10029,4,1880
102768,10029,5,1780
102769,10029,6,830
102770,10030,1,6490
102771,10030,2,3620
102772,10030,3,1810
102773,10030,4,810
102774,10030,5,700
102775,10030,6,200
102776,10031,1,13840
102777,10031,2,7940
102778,10031,3,4010
102779,10031,4,1660
102780,10031,5,1510
102781,10031,6,380
102782,10032,1,14390
102783,10032,2,7810
102784,10032,3,3820
102785,10032,4,1520
102786,10032,5,1420
102787,10032,6,340
102788,10033,1,12800
102789,10033,2,6580
102790,10033,3,3400
102791,10033,4,1580
102792,10033,5,1940
102793,10033,6,630
102794,10034,1,9300
102795,10034,2,4880
102796,10034,3,2830
102797,10034,4,1390
102798,10034,5,1430
102799,10034,6,310
102800,10035,1,7040
102801,10035,2,3890
102802,10035,3,1950
102803,10035,4,910
102804,10035,5,1020
102805,10035,6,320
102806,10036,1,4480
102807,10036,2,3160
102808,10036,3,2580
102809,10036,4,1920
102810,10036,5,3800
102811,10036,6,2780
102812,10037,1,3870
102813,10037,2,2750
102814,10037,3,1850
102815,10037,4,1000
102816,10037,5,920
102817,10037,6,140
102818,10038,1,3440
102819,10038,2,1930
102820,10038,3,1590
102821,10038,4,1120
102822,10038,5,2190
102823,10038,6,1820
102824,10039,1,6250
102825,10039,2,3600
102826,10039,3,1810
102827,10039,4,770
102828,10039,5,690
102829,10039,6,170
102830,10040,1,9790
102831,10040,2,5360
102832,10040,3,2970
102833,10040,4,1390
102834,10040,5,1410
102835,10040,6,380
102836,10044,1,1150
102837,10044,2,740
102838,10044,3,640
102839,10044,4,440
102840,10044,5,820
102841,10044,6,470
102842,10065,1,2350
102843,10065,2,2050
102844,10065,3,2070
102845,10065,4,1610
102846,10065,5,3240
102847,10065,6,4460
102848,10069,1,370
102849,10069,2,260
102850,10069,3,240
102851,10069,4,190
102852,10069,5,580
102853,10069,6,1250
102854,10075,1,2160
102855,10075,2,1600
102856,10075,3,1960
102857,10075,4,1560
102858,10075,5,3110
102859,10075,6,3690
102860,10119,1,50
102861,10119,2,30
102862,10119,3,30
102863,10119,4,0
102864,10119,5,50
102865,10119,6,130
102866,10128,1,5890
102867,10128,2,4300
102868,10128,3,4920
102869,10128,4,3600
102870,10128,5,6500
102871,10128,6,7740
102872,10162,1,100
102873,10162,2,50
102874,10162,3,60
102875,10162,4,60
102876,10162,5,190
102877,10162,6,290
102878,10165,1,0
102879,10165,2,40
102880,10165,3,0
102881,10165,4,0
102882,10165,5,20
102883,10165,6,40
102884,10170,1,50
102885,10170,2,30
102886,10170,3,40
102887,10170,4,0
102888,10170,5,50
102889,10170,6,100
102890,10280,1,480
102891,10280,2,360
102892,10280,3,460
102893,10280,4,400
102894,10280,5,1140
102895,10280,6,1360
102896,10282,1,220
102897,10282,2,140
102898,10282,3,130
102899,10282,4,130
102900,10282,5,360
102901,10282,6,1330
102902,10301,1,6490
102903,10301,2,3910
102904,10301,3,2720
102905,10301,4,1680
102906,10301,5,2430
102907,10301,6,850
102908,10302,1,3220
102909,10302,2,1860
102910,10302,3,1160
102911,10302,4,730
102912,10302,5,960
102913,10302,6,150
102914,10303,1,5280
102915,10303,2,2940
102916,10303,3,1700
102917,10303,4,1020
102918,10303,5,1140
102919,10303,6,90
102920,10304,1,8240
102921,10304,2,4420
102922,10304,3,2400
102923,10304,4,1520
102924,10304,5,2250
102925,10304,6,890
102926,10305,1,6700
102927,10305,2,4150
102928,10305,3,2840
102929,10305,4,2040
102930,10305,5,2980
102931,10305,6,590
102932,10306,1,8250
102933,10306,2,5130
102934,10306,3,4030
102935,10306,4,3000
102936,10306,5,5120
102937,10306,6,1310
102938,10307,1,1790
102939,10307,2,1090
102940,10307,3,850
102941,10307,4,710
102942,10307,5,1470
102943,10307,6,590
102944,10308,1,3780
102945,10308,2,2400
102946,10308,3,1970
102947,10308,4,1700
102948,10308,5,3060
102949,10308,6,710
102950,10309,1,4100
102951,10309,2,2550
102952,10309,3,2080
102953,10309,4,1690
102954,10309,5,3470
102955,10309,6,1110
102956,10310,1,4370
102957,10310,2,2330
102958,10310,3,1490
102959,10310,4,1070
102960,10310,5,1760
102961,10310,6,440
102962,10312,1,7860
102963,10312,2,5230
102964,10312,3,4240
102965,10312,4,3480
102966,10312,5,6650
102967,10312,6,1770
102968,10314,1,12330
102969,10314,2,8150
102970,10314,3,6040
102971,10314,4,4590
102972,10314,5,7790
102973,10314,6,1840
102974,10451,1,12230
102975,10451,2,6570
102976,10451,3,2730
102977,10451,4,1020
102978,10451,5,690
102979,10451,6,50
102980,10452,1,21350
102981,10452,2,9730
102982,10452,3,3590
102983,10452,4,960
102984,10452,5,550
102985,10452,6,20
102986,10453,1,23280
102987,10453,2,9690
102988,10453,3,3160
102989,10453,4,900
102990,10453,5,540
102991,10453,6,30
102992,10454,1,9740
102993,10454,2,4170
102994,10454,3,1320
102995,10454,4,350
102996,10454,5,240
102997,10454,6,20
102998,10455,1,10300
102999,10455,2,4900
103000,10455,3,1780
103001,10455,4,500
103002,10455,5,300
103003,10455,6,0
103004,10456,1,24520
103005,10456,2,10970
103006,10456,3,3410
103007,10456,4,960
103008,10456,5,530
103009,10456,6,0
103010,10457,1,20000
103011,10457,2,8480
103012,10457,3,2830
103013,10457,4,900
103014,10457,5,470
103015,10457,6,40
103016,10458,1,19820
103017,10458,2,9110
103018,10458,3,3470
103019,10458,4,1120
103020,10458,5,760
103021,10458,6,40
103022,10459,1,12280
103023,10459,2,5930
103024,10459,3,1990
103025,10459,4,660
103026,10459,5,420
103027,10459,6,0
103028,10460,1,14600
103029,10460,2,6900
103030,10460,3,2300
103031,10460,4,800
103032,10460,5,490
103033,10460,6,30
103034,10461,1,8580
103035,10461,2,6210
103036,10461,3,4160
103037,10461,4,2280
103038,10461,5,2530
103039,10461,6,330
103040,10462,1,16080
103041,10462,2,10910
103042,10462,3,6950
103043,10462,4,3110
103044,10462,5,2300
103045,10462,6,160
103046,10463,1,12390
103047,10463,2,7620
103048,10463,3,5120
103049,10463,4,3080
103050,10463,5,4290
103051,10463,6,1440
103052,10464,1,560
103053,10464,2,400
103054,10464,3,360
103055,10464,4,270
103056,10464,5,420
103057,10464,6,160
103058,10465,1,6210
103059,10465,2,4410
103060,10465,3,3330
103061,10465,4,2180
103062,10465,5,3050
103063,10465,6,520
103064,10466,1,14740
103065,10466,2,9390
103066,10466,3,4410
103067,10466,4,2150
103068,10466,5,1930
103069,10466,6,120
103070,10467,1,22140
103071,10467,2,12740
103072,10467,3,5830
103073,10467,4,2200
103074,10467,5,1630
103075,10467,6,100
103076,10468,1,20220
103077,10468,2,9370
103078,10468,3,3790
103079,10468,4,1350
103080,10468,5,870
103081,10468,6,60
103082,10469,1,13400
103083,10469,2,8810
103084,10469,3,4920
103085,10469,4,2570
103086,10469,5,2670
103087,10469,6,300
103088,10470,1,2840
103089,10470,2,1940
103090,10470,3,1230
103091,10470,4,670
103092,10470,5,840
103093,10470,6,140
103094,10471,1,2360
103095,10471,2,1650
103096,10471,3,1640
103097,10471,4,1230
103098,10471,5,2100
103099,10471,6,1090
103100,10472,1,16190
103101,10472,2,7800
103102,10472,3,3010
103103,10472,4,1110
103104,10472,5,720
103105,10472,6,50
103106,10473,1,12730
103107,10473,2,7720
103108,10473,3,3940
103109,10473,4,1830
103110,10473,5,1570
103111,10473,6,120
103112,10474,1,2940
103113,10474,2,1410
103114,10474,3,490
103115,10474,4,140
103116,10474,5,70
103117,10474,6,0
103118,10475,1,7390
103119,10475,2,6500
103120,10475,3,4680
103121,10475,4,2430
103122,10475,5,1700
103123,10475,6,90
103124,10501,1,190
103125,10501,2,90
103126,10501,3,70
103127,10501,4,60
103128,10501,5,140
103129,10501,6,150
103130,10502,1,650
103131,10502,2,290
103132,10502,3,240
103133,10502,4,230
103134,10502,5,630
103135,10502,6,800
103136,10503,1,0
103137,10503,2,40
103138,10503,3,0
103139,10503,4,20
103140,10503,5,30
103141,10503,6,30
103142,10504,1,960
103143,10504,2,380
103144,10504,3,320
103145,10504,4,260
103146,10504,5,720
103147,10504,6,2070
103148,10505,1,210
103149,10505,2,110
103150,10505,3,70
103151,10505,4,40
103152,10505,5,120
103153,10505,6,120
103154,10506,1,710
103155,10506,2,230
103156,10506,3,200
103157,10506,4,150
103158,10506,5,460
103159,10506,6,1070
103160,10507,1,810
103161,10507,2,540
103162,10507,3,320
103163,10507,4,210
103164,10507,5,420
103165,10507,6,360
103166,10509,1,2920
103167,10509,2,1770
103168,10509,3,1290
103169,10509,4,1020
103170,10509,5,2090
103171,10509,6,870
103172,10510,1,1030
103173,10510,2,490
103174,10510,3,380
103175,10510,4,310
103176,10510,5,990
103177,10510,6,1560
103178,10511,1,330
103179,10511,2,210
103180,10511,3,160
103181,10511,4,130
103182,10511,5,250
103183,10511,6,80
103184,10512,1,3350
103185,10512,2,2230
103186,10512,3,1800
103187,10512,4,1410
103188,10512,5,2830
103189,10512,6,890
103190,10514,1,1190
103191,10514,2,390
103192,10514,3,310
103193,10514,4,240
103194,10514,5,790
103195,10514,6,2440
103196,10516,1,690
103197,10516,2,430
103198,10516,3,340
103199,10516,4,290
103200,10516,5,650
103201,10516,6,340
103202,10517,1,110
103203,10517,2,80
103204,10517,3,60
103205,10517,4,60
103206,10517,5,90
103207,10517,6,40
103208,10518,1,200
103209,10518,2,90
103210,10518,3,60
103211,10518,4,50
103212,10518,5,160
103213,10518,6,180
103214,10519,1,70
103215,10519,2,60
103216,10519,3,30
103217,10519,4,30
103218,10519,5,60
103219,10519,6,30
103220,10520,1,1550
103221,10520,2,890
103222,10520,3,790
103223,10520,4,640
103224,10520,5,1410
103225,10520,6,1170
103226,10522,1,1150
103227,10522,2,740
103228,10522,3,710
103229,10522,4,530
103230,10522,5,1090
103231,10522,6,1020
103232,10523,1,1470
103233,10523,2,1030
103234,10523,3,740
103235,10523,4,510
103236,10523,5,840
103237,10523,6,250
103238,10524,1,530
103239,10524,2,300
103240,10524,3,260
103241,10524,4,210
103242,10524,5,510
103243,10524,6,330
103244,10526,1,240
103245,10526,2,130
103246,10526,3,110
103247,10526,4,80
103248,10526,5,220
103249,10526,6,210
103250,10527,1,90
103251,10527,2,50
103252,10527,3,40
103253,10527,4,30
103254,10527,5,120
103255,10527,6,110
103256,10528,1,1540
103257,10528,2,910
103258,10528,3,760
103259,10528,4,540
103260,10528,5,990
103261,10528,6,1160
103262,10530,1,1430
103263,10530,2,970
103264,10530,3,1070
103265,10530,4,880
103266,10530,5,1850
103267,10530,6,1040
103268,10532,1,590
103269,10532,2,400
103270,10532,3,350
103271,10532,4,240
103272,10532,5,700
103273,10532,6,320
103274,10533,1,790
103275,10533,2,400
103276,10533,3,380
103277,10533,4,330
103278,10533,5,750
103279,10533,6,1100
103280,10535,1,130
103281,10535,2,100
103282,10535,3,70
103283,10535,4,40
103284,10535,5,60
103285,10535,6,20
103286,10536,1,1360
103287,10536,2,560
103288,10536,3,430
103289,10536,4,330
103290,10536,5,1010
103291,10536,6,1560
103292,10537,1,360
103293,10537,2,280
103294,10537,3,190
103295,10537,4,160
103296,10537,5,220
103297,10537,6,40
103298,10538,1,1660
103299,10538,2,760
103300,10538,3,720
103301,10538,4,530
103302,10538,5,1310
103303,10538,6,3070
103304,10541,1,3480
103305,10541,2,2020
103306,10541,3,1590
103307,10541,4,1300
103308,10541,5,3170
103309,10541,6,1120
103310,10543,1,2730
103311,10543,2,1570
103312,10543,3,1190
103313,10543,4,840
103314,10543,5,1740
103315,10543,6,1660
103316,10545,1,150
103317,10545,2,40
103318,10545,3,0
103319,10545,4,0
103320,10545,5,0
103321,10545,6,0
103322,10546,1,160
103323,10546,2,70
103324,10546,3,60
103325,10546,4,70
103326,10546,5,160
103327,10546,6,200
103328,10547,1,1050
103329,10547,2,660
103330,10547,3,510
103331,10547,4,360
103332,10547,5,830
103333,10547,6,270
103334,10548,1,420
103335,10548,2,270
103336,10548,3,230
103337,10548,4,170
103338,10548,5,380
103339,10548,6,120
103340,10549,1,2620
103341,10549,2,1420
103342,10549,3,900
103343,10549,4,580
103344,10549,5,1210
103345,10549,6,1460
103346,10550,1,8570
103347,10550,2,5550
103348,10550,3,2600
103349,10550,4,1200
103350,10550,5,1070
103351,10550,6,70
103352,10552,1,3010
103353,10552,2,2280
103354,10552,3,1910
103355,10552,4,1220
103356,10552,5,1830
103357,10552,6,660
103358,10553,1,2110
103359,10553,2,1640
103360,10553,3,900
103361,10553,4,520
103362,10553,5,640
103363,10553,6,90
103364,10560,1,510
103365,10560,2,300
103366,10560,3,230
103367,10560,4,190
103368,10560,5,450
103369,10560,6,460
103370,10562,1,4890
103371,10562,2,3250
103372,10562,3,2170
103373,10562,4,1520
103374,10562,5,2760
103375,10562,6,1340
103376,10566,1,4480
103377,10566,2,2940
103378,10566,3,1750
103379,10566,4,1090
103380,10566,5,1630
103381,10566,6,350
103382,10567,1,2450
103383,10567,2,1440
103384,10567,3,1120
103385,10567,4,970
103386,10567,5,2470
103387,10567,6,1360
103388,10570,1,1490
103389,10570,2,750
103390,10570,3,590
103391,10570,4,460
103392,10570,5,1220
103393,10570,6,1530
103394,10573,1,6760
103395,10573,2,4310
103396,10573,3,2400
103397,10573,4,1330
103398,10573,5,2200
103399,10573,6,1890
103400,10576,1,570
103401,10576,2,230
103402,10576,3,200
103403,10576,4,160
103404,10576,5,510
103405,10576,6,820
103406,10577,1,420
103407,10577,2,140
103408,10577,3,130
103409,10577,4,80
103410,10577,5,180
103411,10577,6,600
103412,10578,1,110
103413,10578,2,70
103414,10578,3,50
103415,10578,4,30
103416,10578,5,130
103417,10578,6,30
103418,10579,1,1000
103419,10579,2,660
103420,10579,3,570
103421,10579,4,510
103422,10579,5,1110
103423,10579,6,480
103424,10580,1,1940
103425,10580,2,740
103426,10580,3,630
103427,10580,4,470
103428,10580,5,1180
103429,10580,6,3050
103430,10583,1,4010
103431,10583,2,1710
103432,10583,3,1570
103433,10583,4,1260
103434,10583,5,3280
103435,10583,6,6900
103436,10588,1,350
103437,10588,2,210
103438,10588,3,210
103439,10588,4,140
103440,10588,5,320
103441,10588,6,120
103442,10589,1,900
103443,10589,2,580
103444,10589,3,640
103445,10589,4,580
103446,10589,5,1190
103447,10589,6,690
103448,10590,1,740
103449,10590,2,370
103450,10590,3,320
103451,10590,4,270
103452,10590,5,740
103453,10590,6,760
103454,10591,1,3590
103455,10591,2,2430
103456,10591,3,1420
103457,10591,4,1050
103458,10591,5,1920
103459,10591,6,1580
103460,10594,1,640
103461,10594,2,370
103462,10594,3,300
103463,10594,4,250
103464,10594,5,600
103465,10594,6,390
103466,10595,1,760
103467,10595,2,420
103468,10595,3,420
103469,10595,4,300
103470,10595,5,770
103471,10595,6,530
103472,10596,1,260
103473,10596,2,190
103474,10596,3,150
103475,10596,4,100
103476,10596,5,140
103477,10596,6,20
103478,10597,1,120
103479,10597,2,60
103480,10597,3,30
103481,10597,4,20
103482,10597,5,70
103483,10597,6,200
103484,10598,1,3580
103485,10598,2,1960
103486,10598,3,1680
103487,10598,4,1320
103488,10598,5,3850
103489,10598,6,2170
103490,10601,1,1750
103491,10601,2,1200
103492,10601,3,840
103493,10601,4,570
103494,10601,5,990
103495,10601,6,700
103496,10603,1,2810
103497,10603,2,2010
103498,10603,3,1580
103499,10603,4,1070
103500,10603,5,1770
103501,10603,6,730
103502,10604,1,1700
103503,10604,2,1100
103504,10604,3,740
103505,10604,4,510
103506,10604,5,890
103507,10604,6,660
103508,10605,1,2450
103509,10605,2,1480
103510,10605,3,1220
103511,10605,4,900
103512,10605,5,2110
103513,10605,6,1940
103514,10606,1,3030
103515,10606,2,1920
103516,10606,3,1030
103517,10606,4,620
103518,10606,5,1030
103519,10606,6,650
103520,10607,1,1100
103521,10607,2,740
103522,10607,3,540
103523,10607,4,380
103524,10607,5,800
103525,10607,6,470
103526,10701,1,12230
103527,10701,2,7270
103528,10701,3,3950
103529,10701,4,2170
103530,10701,5,2640
103531,10701,6,520
103532,10703,1,3850
103533,10703,2,2600
103534,10703,3,1560
103535,10703,4,1010
103536,10703,5,1400
103537,10703,6,220
103538,10704,1,4840
103539,10704,2,3830
103540,10704,3,3060
103541,10704,4,1940
103542,10704,5,2780
103543,10704,6,530
103544,10705,1,8050
103545,10705,2,4760
103546,10705,3,2470
103547,10705,4,1280
103548,10705,5,1540
103549,10705,6,410
103550,10706,1,970
103551,10706,2,560
103552,10706,3,480
103553,10706,4,420
103554,10706,5,960
103555,10706,6,1120
103556,10707,1,1280
103557,10707,2,750
103558,10707,3,690
103559,10707,4,520
103560,10707,5,1150
103561,10707,6,810
103562,10708,1,2340
103563,10708,2,1430
103564,10708,3,1540
103565,10708,4,1210
103566,10708,5,2370
103567,10708,6,2430
103568,10709,1,1180
103569,10709,2,650
103570,10709,3,620
103571,10709,4,470
103572,10709,5,1060
103573,10709,6,870
103574,10710,1,3580
103575,10710,2,2760
103576,10710,3,2240
103577,10710,4,1720
103578,10710,5,2990
103579,10710,6,820
103580,10801,1,6860
103581,10801,2,4030
103582,10801,3,2550
103583,10801,4,1630
103584,10801,5,2430
103585,10801,6,960
103586,10803,1,1330
103587,10803,2,770
103588,10803,3,610
103589,10803,4,480
103590,10803,5,1010
103591,10803,6,1800
103592,10804,1,1490
103593,10804,2,650
103594,10804,3,670
103595,10804,4,490
103596,10804,5,1470
103597,10804,6,2310
103598,10805,1,2850
103599,10805,2,2050
103600,10805,3,1600
103601,10805,4,1040
103602,10805,5,1330
103603,10805,6,350
103604,10901,1,3270
103605,10901,2,1970
103606,10901,3,1430
103607,10901,4,1080
103608,10901,5,2320
103609,10901,6,1360
103610,10913,1,680
103611,10913,2,350
103612,10913,3,280
103613,10913,4,250
103614,10913,5,610
103615,10913,6,430
103616,10914,1,80
103617,10914,2,70
103618,10914,3,50
103619,10914,4,30
103620,10914,5,90
103621,10914,6,30
103622,10915,1,70
103623,10915,2,50
103624,10915,3,40
103625,10915,4,0
103626,10915,5,30
103627,10915,6,0
103628,10916,1,600
103629,10916,2,330
103630,10916,3,280
103631,10916,4,220
103632,10916,5,570
103633,10916,6,190
103634,10917,1,320
103635,10917,2,160
103636,10917,3,140
103637,10917,4,90
103638,10917,5,210
103639,10917,6,90
103640,10918,1,1600
103641,10918,2,990
103642,10918,3,790
103643,10918,4,670
103644,10918,5,1260
103645,10918,6,390
103646,10919,1,180
103647,10919,2,140
103648,10919,3,70
103649,10919,4,70
103650,10919,5,120
103651,10919,6,30
103652,10920,1,1210
103653,10920,2,730
103654,10920,3,550
103655,10920,4,490
103656,10920,5,1110
103657,10920,6,410
103658,10921,1,600
103659,10921,2,390
103660,10921,3,320
103661,10921,4,230
103662,10921,5,470
103663,10921,6,120
103664,10922,1,210
103665,10922,2,140
103666,10922,3,130
103667,10922,4,120
103668,10922,5,180
103669,10922,6,40
103670,10923,1,1610
103671,10923,2,1050
103672,10923,3,740
103673,10923,4,480
103674,10923,5,800
103675,10923,6,190
103676,10924,1,1760
103677,10924,2,1040
103678,10924,3,820
103679,10924,4,610
103680,10924,5,1400
103681,10924,6,550
103682,10925,1,720
103683,10925,2,480
103684,10925,3,370
103685,10925,4,300
103686,10925,5,470
103687,10925,6,90
103688,10926,1,550
103689,10926,2,390
103690,10926,3,310
103691,10926,4,220
103692,10926,5,340
103693,10926,6,90
103694,10927,1,2970
103695,10927,2,1620
103696,10927,3,660
103697,10927,4,340
103698,10927,5,400
103699,10927,6,120
103700,10928,1,740
103701,10928,2,590
103702,10928,3,360
103703,10928,4,210
103704,10928,5,290
103705,10928,6,60
103706,10930,1,1220
103707,10930,2,640
103708,10930,3,520
103709,10930,4,440
103710,10930,5,1100
103711,10930,6,390
103712,10931,1,180
103713,10931,2,120
103714,10931,3,70
103715,10931,4,60
103716,10931,5,80
103717,10931,6,0
103718,10932,1,60
103719,10932,2,40
103720,10932,3,30
103721,10932,4,20
103722,10932,5,40
103723,10932,6,0
103724,10933,1,70
103725,10933,2,40
103726,10933,3,20
103727,10933,4,30
103728,10933,5,60
103729,10933,6,0
103730,10940,1,8900
103731,10940,2,6040
103732,10940,3,3450
103733,10940,4,2250
103734,10940,5,3120
103735,10940,6,470
103736,10941,1,2180
103737,10941,2,1740
103738,10941,3,1060
103739,10941,4,740
103740,10941,5,1070
103741,10941,6,200
103742,10950,1,6600
103743,10950,2,3180
103744,10950,3,1880
103745,10950,4,1480
103746,10950,5,3230
103747,10950,6,1120
103748,10952,1,5340
103749,10952,2,2380
103750,10952,3,1130
103751,10952,4,790
103752,10952,5,1520
103753,10952,6,1040
103754,10953,1,50
103755,10953,2,30
103756,10953,3,50
103757,10953,4,0
103758,10953,5,50
103759,10953,6,20
103760,10954,1,3540
103761,10954,2,2250
103762,10954,3,1670
103763,10954,4,1320
103764,10954,5,2660
103765,10954,6,940
103766,10956,1,4110
103767,10956,2,2180
103768,10956,3,1750
103769,10956,4,1400
103770,10956,5,4000
103771,10956,6,2530
103772,10958,1,490
103773,10958,2,290
103774,10958,3,230
103775,10958,4,180
103776,10958,5,340
103777,10958,6,80
103778,10960,1,2310
103779,10960,2,1470
103780,10960,3,1020
103781,10960,4,730
103782,10960,5,1410
103783,10960,6,800
103784,10962,1,650
103785,10962,2,370
103786,10962,3,320
103787,10962,4,250
103788,10962,5,590
103789,10962,6,360
103790,10963,1,370
103791,10963,2,240
103792,10963,3,170
103793,10963,4,150
103794,10963,5,240
103795,10963,6,30
103796,10964,1,170
103797,10964,2,110
103798,10964,3,90
103799,10964,4,60
103800,10964,5,140
103801,10964,6,180
103802,10965,1,1970
103803,10965,2,1190
103804,10965,3,1030
103805,10965,4,780
103806,10965,5,2020
103807,10965,6,900
103808,10968,1,250
103809,10968,2,190
103810,10968,3,190
103811,10968,4,150
103812,10968,5,300
103813,10968,6,200
103814,10969,1,200
103815,10969,2,160
103816,10969,3,80
103817,10969,4,70
103818,10969,5,100
103819,10969,6,40
103820,10970,1,1500
103821,10970,2,1060
103822,10970,3,760
103823,10970,4,540
103824,10970,5,1000
103825,10970,6,360
103826,10973,1,360
103827,10973,2,200
103828,10973,3,140
103829,10973,4,130
103830,10973,5,250
103831,10973,6,60
103832,10974,1,460
103833,10974,2,290
103834,10974,3,210
103835,10974,4,160
103836,10974,5,320
103837,10974,6,120
103838,10975,1,50
103839,10975,2,40
103840,10975,3,40
103841,10975,4,20
103842,10975,5,20
103843,10975,6,0
103844,10976,1,320
103845,10976,2,170
103846,10976,3,100
103847,10976,4,70
103848,10976,5,120
103849,10976,6,70
103850,10977,1,11080
103851,10977,2,6130
103852,10977,3,2570
103853,10977,4,1520
103854,10977,5,2270
103855,10977,6,760
103856,10979,1,40
103857,10979,2,0
103858,10979,3,30
103859,10979,4,0
103860,10979,5,30
103861,10979,6,0
103862,10980,1,2010
103863,10980,2,1290
103864,10980,3,980
103865,10980,4,700
103866,10980,5,1530
103867,10980,6,560
103868,10983,1,710
103869,10983,2,430
103870,10983,3,360
103871,10983,4,290
103872,10983,5,810
103873,10983,6,380
103874,10984,1,320
103875,10984,2,240
103876,10984,3,190
103877,10984,4,150
103878,10984,5,340
103879,10984,6,110
103880,10985,1,40
103881,10985,2,40
103882,10985,3,20
103883,10985,4,20
103884,10985,5,30
103885,10985,6,0
103886,10986,1,260
103887,10986,2,170
103888,10986,3,100
103889,10986,4,110
103890,10986,5,200
103891,10986,6,100
103892,10987,1,600
103893,10987,2,220
103894,10987,3,210
103895,10987,4,160
103896,10987,5,400
103897,10987,6,300
103898,10988,1,120
103899,10988,2,110
103900,10988,3,50
103901,10988,4,40
103902,10988,5,40
103903,10988,6,0
103904,10989,1,1200
103905,10989,2,840
103906,10989,3,710
103907,10989,4,610
103908,10989,5,1240
103909,10989,6,440
103910,10990,1,2850
103911,10990,2,1610
103912,10990,3,1180
103913,10990,4,1040
103914,10990,5,2190
103915,10990,6,920
103916,10992,1,1370
103917,10992,2,840
103918,10992,3,600
103919,10992,4,520
103920,10992,5,1090
103921,10992,6,310
103922,10993,1,980
103923,10993,2,680
103924,10993,3,360
103925,10993,4,220
103926,10993,5,270
103927,10993,6,20
103928,10994,1,980
103929,10994,2,530
103930,10994,3,470
103931,10994,4,380
103932,10994,5,900
103933,10994,6,610
103934,10996,1,320
103935,10996,2,120
103936,10996,3,170
103937,10996,4,180
103938,10996,5,250
103939,10996,6,50
103940,10998,1,420
103941,10998,2,270
103942,10998,3,220
103943,10998,4,190
103944,10998,5,370
103945,10998,6,80
103946,11001,1,3850
103947,11001,2,2380
103948,11001,3,1800
103949,11001,4,1460
103950,11001,5,3090
103951,11001,6,1290
103952,11003,1,8250
103953,11003,2,6240
103954,11003,3,3690
103955,11003,4,2410
103956,11003,5,2980
103957,11003,6,410
103958,11004,1,2010
103959,11004,2,1330
103960,11004,3,1080
103961,11004,4,860
103962,11004,5,1330
103963,11004,6,230
103964,11005,1,210
103965,11005,2,150
103966,11005,3,200
103967,11005,4,200
103968,11005,5,440
103969,11005,6,250
103970,11010,1,3520
103971,11010,2,2300
103972,11010,3,1880
103973,11010,4,1460
103974,11010,5,2840
103975,11010,6,660
103976,11020,1,880
103977,11020,2,450
103978,11020,3,280
103979,11020,4,200
103980,11020,5,540
103981,11020,6,700
103982,11021,1,2130
103983,11021,2,1290
103984,11021,3,1190
103985,11021,4,930
103986,11021,5,1880
103987,11021,6,1870
103988,11023,1,990
103989,11023,2,540
103990,11023,3,420
103991,11023,4,320
103992,11023,5,770
103993,11023,6,940
103994,11024,1,960
103995,11024,2,430
103996,11024,3,300
103997,11024,4,210
103998,11024,5,470
103999,11024,6,790
104000,11030,1,1880
104001,11030,2,770
104002,11030,3,740
104003,11030,4,560
104004,11030,5,1370
104005,11030,6,3270
104006,11040,1,5530
104007,11040,2,3430
104008,11040,3,2760
104009,11040,4,2180
104010,11040,5,5140
104011,11040,6,2280
104012,11042,1,100
104013,11042,2,80
104014,11042,3,50
104015,11042,4,40
104016,11042,5,90
104017,11042,6,100
104018,11050,1,4120
104019,11050,2,2070
104020,11050,3,1560
104021,11050,4,1180
104022,11050,5,2700
104023,11050,6,3400
104024,11096,1,2000
104025,11096,2,1000
104026,11096,3,490
104027,11096,4,290
104028,11096,5,280
104029,11096,6,40
104030,11101,1,5730
104031,11101,2,3590
104032,11101,3,2740
104033,11101,4,1810
104034,11101,5,3120
104035,11101,6,1540
104036,11102,1,6820
104037,11102,2,4500
104038,11102,3,3360
104039,11102,4,1900
104040,11102,5,2200
104041,11102,6,470
104042,11103,1,7090
104043,11103,2,5080
104044,11103,3,4060
104045,11103,4,2040
104046,11103,5,2170
104047,11103,6,390
104048,11104,1,5230
104049,11104,2,3460
104050,11104,3,2610
104051,11104,4,1570
104052,11104,5,1830
104053,11104,6,410
104054,11105,1,6400
104055,11105,2,4530
104056,11105,3,3610
104057,11105,4,2030
104058,11105,5,2460
104059,11105,6,640
104060,11106,1,7650
104061,11106,2,5090
104062,11106,3,3930
104063,11106,4,2200
104064,11106,5,2510
104065,11106,6,500
104066,11109,1,360
104067,11109,2,300
104068,11109,3,400
104069,11109,4,410
104070,11109,5,1110
104071,11109,6,980
104072,11201,1,5900
104073,11201,2,4120
104074,11201,3,4310
104075,11201,4,3590
104076,11201,5,7100
104077,11201,6,6950
104078,11203,1,16110
104079,11203,2,11100
104080,11203,3,5520
104081,11203,4,2690
104082,11203,5,2140
104083,11203,6,200
104084,11204,1,16610
104085,11204,2,7590
104086,11204,3,3720
104087,11204,4,2020
104088,11204,5,2430
104089,11204,6,830
104090,11205,1,7000
104091,11205,2,4250
104092,11205,3,2700
104093,11205,4,1600
104094,11205,5,2200
104095,11205,6,1020
104096,11206,1,17360
104097,11206,2,10000
104098,11206,3,4930
104099,11206,4,2140
104100,11206,5,1730
104101,11206,6,330
104102,11207,1,22470
104103,11207,2,12270
104104,11207,3,5000
104105,11207,4,2160
104106,11207,5,1510
104107,11207,6,120
104108,11208,1,23690
104109,11208,2,12310
104110,11208,3,4820
104111,11208,4,1820
104112,11208,5,1280
104113,11208,6,90
104114,11209,1,10950
104115,11209,2,6560
104116,11209,3,5560
104117,11209,4,3820
104118,11209,5,5280
104119,11209,6,1940
104120,11210,1,11580
104121,11210,2,7590
104122,11210,3,4230
104123,11210,4,2230
104124,11210,5,2650
104125,11210,6,1190
104126,11211,1,10060
104127,11211,2,6720
104128,11211,3,4980
104129,11211,4,3080
104130,11211,5,4190
104131,11211,6,1920
104132,11212,1,20670
104133,11212,2,10750
104134,11212,3,4260
104135,11212,4,1620
104136,11212,5,1030
104137,11212,6,40
104138,11213,1,13450
104139,11213,2,8470
104140,11213,3,4010
104141,11213,4,1680
104142,11213,5,1380
104143,11213,6,310
104144,11214,1,19700
104145,11214,2,9560
104146,11214,3,4930
104147,11214,4,2910
104148,11214,5,3130
104149,11214,6,630
104150,11215,1,6320
104151,11215,2,5390
104152,11215,3,5230
104153,11215,4,3710
104154,11215,5,6830
104155,11215,6,5450
104156,11216,1,10410
104157,11216,2,8190
104158,11216,3,5200
104159,11216,4,2310
104160,11216,5,2260
104161,11216,6,650
104162,11217,1,4290
104163,11217,2,3430
104164,11217,3,3060
104165,11217,4,2120
104166,11217,5,3630
104167,11217,6,2700
104168,11218,1,13360
104169,11218,2,7370
104170,11218,3,4420
104171,11218,4,2720
104172,11218,5,3870
104173,11218,6,1380
104174,11219,1,20390
104175,11219,2,7160
104176,11219,3,2670
104177,11219,4,1410
104178,11219,5,1610
104179,11219,6,670
104180,11220,1,36120
104181,11220,2,10250
104182,11220,3,3660
104183,11220,4,1670
104184,11220,5,1810
104185,11220,6,390
104186,11221,1,17480
104187,11221,2,11820
104188,11221,3,5640
104189,11221,4,2290
104190,11221,5,1900
104191,11221,6,390
104192,11222,1,5900
104193,11222,2,4960
104194,11222,3,4450
104195,11222,4,2670
104196,11222,5,3440
104197,11222,6,1150
104198,11223,1,15510
104199,11223,2,7450
104200,11223,3,3740
104201,11223,4,2220
104202,11223,5,2660
104203,11223,6,1160
104204,11224,1,10120
104205,11224,2,4890
104206,11224,3,2350
104207,11224,4,1280
104208,11224,5,1350
104209,11224,6,250
104210,11225,1,11770
104211,11225,2,8800
104212,11225,3,5070
104213,11225,4,2360
104214,11225,5,2070
104215,11225,6,530
104216,11226,1,23360
104217,11226,2,15390
104218,11226,3,7230
104219,11226,4,3080
104220,11226,5,2500
104221,11226,6,510
104222,11228,1,8260
104223,11228,2,4010
104224,11228,3,2430
104225,11228,4,1690
104226,11228,5,2450
104227,11228,6,870
104228,11229,1,14850
104229,11229,2,7940
104230,11229,3,4770
104231,11229,4,3110
104232,11229,5,4320
104233,11229,6,1360
104234,11230,1,15200
104235,11230,2,8330
104236,11230,3,4500
104237,11230,4,2540
104238,11230,5,3340
104239,11230,6,1580
104240,11231,1,4320
104241,11231,2,2880
104242,11231,3,2300
104243,11231,4,1580
104244,11231,5,3250
104245,11231,6,2690
104246,11232,1,6290
104247,11232,2,3130
104248,11232,3,1670
104249,11232,4,780
104250,11232,5,790
104251,11232,6,200
104252,11233,1,14410
104253,11233,2,9310
104254,11233,3,4410
104255,11233,4,1920
104256,11233,5,1620
104257,11233,6,310
104258,11234,1,14380
104259,11234,2,9770
104260,11234,3,6460
104261,11234,4,4360
104262,11234,5,6000
104263,11234,6,1590
104264,11235,1,16790
104265,11235,2,8410
104266,11235,3,4900
104267,11235,4,3090
104268,11235,5,4160
104269,11235,6,1350
104270,11236,1,19250
104271,11236,2,13560
104272,11236,3,7240
104273,11236,4,3900
104274,11236,5,3610
104275,11236,6,360
104276,11237,1,10550
104277,11237,2,7390
104278,11237,3,3350
104279,11237,4,1250
104280,11237,5,1030
104281,11237,6,160
104282,11238,1,7750
104283,11238,2,6650
104284,11238,3,5750
104285,11238,4,3350
104286,11238,5,4920
104287,11238,6,2520
104288,11239,1,2880
104289,11239,2,2210
104290,11239,3,1320
104291,11239,4,490
104292,11239,5,310
104293,11239,6,0
104294,11354,1,17930
104295,11354,2,5670
104296,11354,3,2820
104297,11354,4,1680
104298,11354,5,1870
104299,11354,6,450
104300,11355,1,34950
104301,11355,2,8470
104302,11355,3,3520
104303,11355,4,1800
104304,11355,5,1850
104305,11355,6,370
104306,11356,1,5860
104307,11356,2,2920
104308,11356,3,1470
104309,11356,4,900
104310,11356,5,1040
104311,11356,6,190
104312,11357,1,6160
104313,11357,2,3560
104314,11357,3,2890
104315,11357,4,2150
104316,11357,5,3730
104317,11357,6,1360
104318,11358,1,8030
104319,11358,2,3830
104320,11358,3,2320
104321,11358,4,1540
104322,11358,5,2510
104323,11358,6,750
104324,11360,1,2690
104325,11360,2,1630
104326,11360,3,1400
104327,11360,4,1210
104328,11360,5,2230
104329,11360,6,880
104330,11361,1,4950
104331,11361,2,2770
104332,11361,3,1930
104333,11361,4,1380
104334,11361,5,2200
104335,11361,6,700
104336,11362,1,2500
104337,11362,2,1580
104338,11362,3,1220
104339,11362,4,1060
104340,11362,5,1760
104341,11362,6,620
104342,11363,1,970
104343,11363,2,560
104344,11363,3,460
104345,11363,4,350
104346,11363,5,630
104347,11363,6,460
104348,11364,1,6060
104349,11364,2,3430
104350,11364,3,2580
104351,11364,4,1930
104352,11364,5,2950
104353,11364,6,850
104354,11365,1,8690
104355,11365,2,4620
104356,11365,3,2850
104357,11365,4,1930
104358,11365,5,2770
104359,11365,6,610
104360,11366,1,2460
104361,11366,2,1320
104362,11366,3,870
104363,11366,4,590
104364,11366,5,1080
104365,11366,6,410
104366,11367,1,7950
104367,11367,2,4100
104368,11367,3,2570
104369,11367,4,1570
104370,11367,5,2050
104371,11367,6,620
104372,11368,1,27870
104373,11368,2,12450
104374,11368,3,4960
104375,11368,4,1860
104376,11368,5,1300
104377,11368,6,90
104378,11369,1,8830
104379,11369,2,4610
104380,11369,3,2320
104381,11369,4,1070
104382,11369,5,1010
104383,11369,6,110
104384,11370,1,5980
104385,11370,2,3060
104386,11370,3,1810
104387,11370,4,990
104388,11370,5,1190
104389,11370,6,200
104390,11372,1,15910
104391,11372,2,8280
104392,11372,3,4810
104393,11372,4,2470
104394,11372,5,2880
104395,11372,6,670
104396,11373,1,27380
104397,11373,2,12280
104398,11373,3,5910
104399,11373,4,2610
104400,11373,5,2360
104401,11373,6,330
104402,11374,1,7960
104403,11374,2,4840
104404,11374,3,3760
104405,11374,4,2470
104406,11374,5,3130
104407,11374,6,740
104408,11375,1,9000
104409,11375,2,5930
104410,11375,3,5610
104411,11375,4,4350
104412,11375,5,7320
104413,11375,6,3260
104414,11377,1,20980
104415,11377,2,11150
104416,11377,3,6270
104417,11377,4,3220
104418,11377,5,3350
104419,11377,6,520
104420,11378,1,6730
104421,11378,2,4020
104422,11378,3,2570
104423,11378,4,1710
104424,11378,5,2170
104425,11378,6,440
104426,11379,1,5550
104427,11379,2,3590
104428,11379,3,2860
104429,11379,4,1950
104430,11379,5,3070
104431,11379,6,730
104432,11385,1,19640
104433,11385,2,12760
104434,11385,3,7620
104435,11385,4,3880
104436,11385,5,4320
104437,11385,6,570
104438,11411,1,3620
104439,11411,2,2850
104440,11411,3,1810
104441,11411,4,1140
104442,11411,5,1210
104443,11411,6,130
104444,11412,1,7580
104445,11412,2,5500
104446,11412,3,2970
104447,11412,4,1640
104448,11412,5,1480
104449,11412,6,110
104450,11413,1,7920
104451,11413,2,5760
104452,11413,3,3580
104453,11413,4,2060
104454,11413,5,2170
104455,11413,6,220
104456,11414,1,3780
104457,11414,2,2760
104458,11414,3,2280
104459,11414,4,1630
104460,11414,5,2350
104461,11414,6,520
104462,11415,1,2940
104463,11415,2,2040
104464,11415,3,1790
104465,11415,4,1130
104466,11415,5,1440
104467,11415,6,330
104468,11416,1,6080
104469,11416,2,3390
104470,11416,3,1580
104471,11416,4,680
104472,11416,5,560
104473,11416,6,40
104474,11417,1,6370
104475,11417,2,3910
104476,11417,3,2120
104477,11417,4,1160
104478,11417,5,1250
104479,11417,6,150
104480,11418,1,8150
104481,11418,2,4520
104482,11418,3,2340
104483,11418,4,1180
104484,11418,5,1290
104485,11418,6,230
104486,11419,1,11940
104487,11419,2,6370
104488,11419,3,2820
104489,11419,4,1280
104490,11419,5,1050
104491,11419,6,100
104492,11420,1,10010
104493,11420,2,6320
104494,11420,3,3240
104495,11420,4,1690
104496,11420,5,1610
104497,11420,6,150
104498,11421,1,9220
104499,11421,2,5310
104500,11421,3,2820
104501,11421,4,1390
104502,11421,5,1430
104503,11421,6,140
104504,11422,1,5930
104505,11422,2,4510
104506,11422,3,2690
104507,11422,4,1590
104508,11422,5,1660
104509,11422,6,180
104510,11423,1,6370
104511,11423,2,4180
104512,11423,3,2090
104513,11423,4,1150
104514,11423,5,1200
104515,11423,6,290
104516,11426,1,3050
104517,11426,2,1870
104518,11426,3,1360
104519,11426,4,980
104520,11426,5,1570
104521,11426,6,300
104522,11427,1,4110
104523,11427,2,2780
104524,11427,3,1780
104525,11427,4,1200
104526,11427,5,1460
104527,11427,6,360
104528,11428,1,3940
104529,11428,2,2640
104530,11428,3,1530
104531,11428,4,910
104532,11428,5,1010
104533,11428,6,90
104534,11429,1,5330
104535,11429,2,3810
104536,11429,3,1960
104537,11429,4,1070
104538,11429,5,1060
104539,11429,6,70
104540,11430,1,60
104541,11430,2,40
104542,11430,3,50
104543,11430,4,30
104544,11430,5,0
104545,11430,6,0
104546,11432,1,13450
104547,11432,2,6880
104548,11432,3,3460
104549,11432,4,1800
104550,11432,5,2100
104551,11432,6,630
104552,11433,1,8020
104553,11433,2,4600
104554,11433,3,2090
104555,11433,4,960
104556,11433,5,810
104557,11433,6,60
104558,11434,1,12710
104559,11434,2,9480
104560,11434,3,5410
104561,11434,4,2660
104562,11434,5,2160
104563,11434,6,160
104564,11435,1,11830
104565,11435,2,6780
104566,11435,3,3760
104567,11435,4,1990
104568,11435,5,1830
104569,11435,6,180
104570,11436,1,4170
104571,11436,2,2770
104572,11436,3,1480
104573,11436,4,710
104574,11436,5,570
104575,11436,6,30
